<?xml version="1.0" encoding="UTF-8"?>
<!--
  ~ Copyright 2013 JavaANPR contributors
  ~ Copyright 2006 Ondrej Martinsky
  ~ Licensed under the Educational Community License, Version 2.0 (the "License");
  ~ you may not use this file except in compliance with the License.
  ~ You may obtain a copy of the License at
  ~
  ~     http://www.osedu.org/licenses/ECL-2.0
  ~
  ~ Unless required by applicable law or agreed to in writing,
  ~ software distributed under the License is distributed on an "AS IS"
  ~ BASIS, WITHOUT WARRANTIES OR CONDITIONS OF ANY KIND, either express
  ~ or implied. See the License for the specific language governing
  ~ permissions and limitations under the License.
  -->

<configuration>

    <appender name="STDOUT" class="ch.qos.logback.core.ConsoleAppender">
        <encoder class="ch.qos.logback.classic.encoder.PatternLayoutEncoder">
            <pattern>%d{HH:mm:ss.SSS} [%thread] %-5level %logger{36} - %msg%n</pattern>
        </encoder>
    </appender>

    <logger name="net.sf.javaanpr" level="TRACE"/>

    <root level="debug">
        <appender-ref ref="STDOUT"/>
    </root>
</configuration>
