<?xml version="1.0" encoding="utf-8"?>
<!--
  ~ Copyright 2013 JavaANPR contributors
  ~ Copyright 2006 Ondrej Martinsky
  ~ Licensed under the Educational Community License, Version 2.0 (the "License");
  ~ you may not use this file except in compliance with the License.
  ~ You may obtain a copy of the License at
  ~
  ~     http://www.osedu.org/licenses/ECL-2.0
  ~
  ~ Unless required by applicable law or agreed to in writing,
  ~ software distributed under the License is distributed on an "AS IS"
  ~ BASIS, WITHOUT WARRANTIES OR CONDITIONS OF ANY KIND, either express
  ~ or implied. See the License for the specific language governing
  ~ permissions and limitations under the License.
  -->

<!DOCTYPE structure SYSTEM "src/main/resources/dtd/syntax.dtd">

<structure>
    <type name="germany">
        <char content="abcdefghijklmno0pqrstuvwxyz"/>
        <char content="abcdefghijklmno0pqrstuvwxyz"/>
        <char content="abcdefghijklmno0pqrstuvwxyz"/>
        <char content="0123456789"/>
        <char content="0123456789"/>
        <char content="0123456789"/>
    </type>

    <type name="slovensko_nova">
        <char content="abcdefghijklmno0pqrstuvwxyz"/>
        <char content="abcdefghijklmno0pqrstuvwxyz"/>
        <char content="o0123456789"/>
        <char content="o0123456789"/>
        <char content="o0123456789"/>
        <char content="abcdefghijklmno0pqrstuvwxyz"/>
        <char content="abcdefghijklmno0pqrstuvwxyz"/>
    </type>

    <type name="ceskoslovenska_novsia">
        <char content="abcdefghijklmno0pqrstuvwxyz"/>
        <char content="abcdefghijklmno0pqrstuvwxyz"/>
        <char content="abcdefghijklmno0pqrstuvwxyz"/>
        <char content="o0123456789"/>
        <char content="o0123456789"/>
        <char content="o0123456789"/>
        <char content="o0123456789"/>
    </type>

    <type name="ceskoslovenska_starsia">
        <char content="abcdefghijklmno0pqrstuvwxyz"/>
        <char content="abcdefghijklmno0pqrstuvwxyz"/>
        <char content="o0123456789"/>
        <char content="o0123456789"/>
        <char content="o0123456789"/>
        <char content="o0123456789"/>
    </type>

    <type name="ceska_nova">
        <char content="o0123456789"/>
        <char content="cbkhltmepasujz"/>
        <char content="o0123456789"/>
        <char content="o0123456789"/>
        <char content="o0123456789"/>
        <char content="o0123456789"/>
        <char content="o0123456789"/>
    </type>
</structure>